ContractName,Year,Month,TotalPayoff
O1,2017,07,-17649.99999999997
O1,2017,06,-11549.999999999933
S1,2017,01,198300.0
S1,2017,02,-97700.0
S1,2017,03,-97700.0
